Sample,KMeans_Cluster,DBSCAN_Cluster,GMM_Cluster,PC1,PC2,PC3,PC4,PC5,PC6,PC7,PC8,PC9,PC10,LD1,LD2,Ancestry_Q1,Ancestry_Q2,Ancestry_Q3
1,3,1,3,16.051221,64.245231,-185.745075,-23.940775,36.299057,18.071079,3.860341,-0.844977,2.422791,-0.773989,92.911597,-8.782536,0.000000,0.000000,1.000000
10,1,2,1,-23.238512,-17.333505,-6.880220,22.546735,-9.956025,3.463563,14.794435,1.380044,-0.639764,22.948087,-20.888157,-17.985433,0.923741,0.076244,0.000015
100,2,Noise,2,143.449986,-9.569508,-3.666234,26.027207,-67.218829,81.699208,6.738370,-29.789302,16.096374,-77.954766,19.548371,146.108617,0.000000,1.000000,0.000000
101,2,Noise,2,84.066917,4.488863,-5.774025,37.949990,-75.485402,76.922190,7.544359,-44.987377,9.740453,-32.353917,14.350393,85.749326,0.000019,0.999928,0.000054
102,1,2,2,-24.406934,14.218443,9.605902,-40.851629,-26.168345,34.636887,-13.612883,-4.620308,0.872165,-13.510127,-4.187993,-25.003532,0.179734,0.817906,0.002361
103,3,Noise,3,33.008886,108.540434,40.623030,37.424430,54.371245,17.555975,38.487418,-5.940193,-66.409589,7.461963,114.942992,-4.299865,0.000000,0.000000,1.000000
104,2,Noise,2,30.811273,23.185569,7.458061,-14.194238,-15.090243,4.396929,-8.842444,-1.743346,-4.984460,-29.512935,26.060157,24.563467,0.001151,0.964505,0.034344
105,3,Noise,3,10.733174,71.851651,17.759212,14.861560,17.795508,-3.614281,11.903502,3.074655,-28.929572,-3.859025,71.674121,-12.049671,0.000000,0.000045,0.999955
106,3,Noise,3,23.220830,61.510212,11.250289,-37.570375,-31.350002,-27.738142,0.322465,10.980214,-13.805166,-4.372981,60.718127,6.213160,0.000000,0.002819,0.997181
107,2,Noise,2,48.363408,-19.364176,4.527033,-42.861633,7.711047,-17.299579,4.313174,-10.061471,4.702868,-14.403780,-2.238133,53.513542,0.017752,0.982149,0.000099
108,1,Noise,2,-12.184219,23.652611,8.604418,-27.739310,-10.979159,-8.515395,6.303938,4.182558,-11.496988,-16.902107,17.865933,-17.407968,0.016700,0.957776,0.025524
109,1,2,1,-44.804143,-0.516182,5.124791,-25.386396,-0.415282,-0.408043,-8.458597,4.841775,-1.596278,6.289697,-15.753183,-42.690968,0.898403,0.101592,0.000005
11,1,2,1,-12.082645,-5.377016,1.417492,12.545832,3.052526,6.252299,-14.220474,-7.618969,-7.542141,-11.947425,-10.629728,-9.729890,0.970536,0.029451,0.000013
110,3,Noise,3,71.540831,62.951056,17.663238,-53.851155,-42.564737,-45.197753,85.941357,-1.012725,-31.707977,-37.305197,89.209785,54.148116,0.000000,0.013129,0.986871
111,3,Noise,3,23.766659,47.469722,13.839443,-49.142541,-27.465025,-34.376572,54.933815,3.619647,-21.437609,-31.287030,57.663214,11.792500,0.000000,0.073160,0.926840
112,2,Noise,2,58.399217,-0.754866,-3.071884,5.720458,-24.281230,0.498956,-13.672796,-43.743207,-21.859558,22.207781,10.018875,59.193523,0.013072,0.986609,0.000319
113,1,2,1,-22.145749,-12.393216,0.173474,-3.794192,14.627080,-19.446613,-1.840769,3.685016,6.321282,-12.751702,-14.121155,-17.667494,0.973640,0.026356,0.000004
114,1,2,1,-21.615183,-2.876005,10.300577,-37.745377,3.124287,-0.174612,-9.529828,0.681180,3.251147,-1.677791,-12.050033,-19.087916,0.644831,0.355016,0.000153
115,2,Noise,2,31.385140,-10.858403,9.517589,-33.346571,7.143003,-5.977199,-8.155635,-14.798239,-1.445108,-0.486506,-3.323075,34.560892,0.069221,0.930296,0.000483
116,1,2,1,-13.059330,-9.544204,4.218336,-8.406352,14.265348,-15.302257,-3.608064,-3.501904,-1.592208,-16.456153,-10.312537,-9.338005,0.949572,0.050414,0.000014
117,1,Noise,2,-1.999134,36.104296,7.449712,4.158723,-4.506410,-26.791192,20.260777,2.390422,-13.232917,-27.501937,37.997237,-11.314708,0.000063,0.705317,0.294620
118,1,Noise,2,7.743898,5.668365,16.897337,-69.650964,-1.793850,-2.779639,3.810188,4.475526,15.622438,18.446601,3.808722,6.978296,0.002460,0.987530,0.010010
119,1,2,1,-23.655522,-4.978844,2.978356,0.413989,12.189785,-6.207767,-19.069533,-0.254557,-4.135230,-8.588543,-12.445633,-21.490373,0.967829,0.032163,0.000007
12,1,2,1,-23.653717,-6.648579,-0.218356,3.160317,4.647214,-1.854319,-9.423552,2.125777,-0.401577,-2.980558,-13.371763,-21.017103,0.978801,0.021194,0.000004
120,1,2,1,-35.769416,-5.215878,6.264742,-22.659850,6.284264,-1.380918,-9.836956,5.521418,-1.115095,-5.009757,-16.683545,-32.840762,0.912509,0.087483,0.000007
121,1,2,1,-13.400437,8.634175,4.611186,-10.155632,-9.949900,15.794239,-25.186014,-16.022373,-1.622103,-14.178985,-3.274326,-13.052173,0.818195,0.181433,0.000372
122,1,2,1,-24.029361,1.824396,5.377845,4.267503,15.287837,2.029426,-9.133336,3.303274,-0.175749,-5.318075,-5.498192,-24.299415,0.914904,0.085057,0.000038
123,2,2,1,21.208438,-14.350883,2.856057,9.377740,18.081963,-5.324927,-7.800752,-3.409181,1.902081,-9.421451,-5.961735,23.978502,0.666570,0.333300,0.000130
124,1,2,1,-5.635254,-6.791431,5.245502,-6.047494,15.940633,-2.955644,-14.105971,-2.791230,1.366607,-12.170911,-8.588693,-3.400577,0.919287,0.080671,0.000041
125,2,2,2,19.660488,-16.843633,5.935669,3.537816,28.418132,-11.062261,-1.575223,4.475871,7.480802,-41.164538,-5.523732,23.298301,0.441062,0.558745,0.000193
126,2,2,1,20.105838,-18.403346,3.077285,-2.282576,23.703756,-15.480764,3.018961,-0.768410,1.039862,-28.253480,-6.331069,24.338097,0.574244,0.425627,0.000128
127,1,2,1,11.182469,-2.826764,-2.587971,16.423307,6.562900,-15.334896,-17.901703,-21.643774,-11.017341,-4.076008,0.398802,12.626380,0.907016,0.092847,0.000137
128,1,2,1,4.551203,-1.169062,4.316601,-13.494611,-2.534797,-13.002353,-7.765845,-2.774631,1.772313,-8.239859,-0.731094,5.827713,0.876286,0.123566,0.000148
129,1,2,1,-5.964381,-1.037036,2.884292,1.517156,5.168583,2.441284,-16.255665,-3.403369,1.579664,-10.014667,-5.054177,-5.025178,0.945712,0.054239,0.000048
13,1,2,1,-39.377196,-6.089964,-0.107349,0.574999,-14.242819,13.836479,8.862497,14.461787,3.158989,3.200801,-18.099340,-36.503203,0.972590,0.027408,0.000002
130,1,2,1,-4.653708,2.585592,0.701670,1.918417,-3.758276,-4.053991,-16.929282,-18.236910,0.859976,5.112910,-2.238655,-3.433913,0.942885,0.057029,0.000086
131,2,2,2,39.280328,0.315666,2.339502,1.614143,-3.302114,-4.466549,-13.373040,-30.485533,-0.261722,6.470198,8.202338,40.035953,0.192729,0.806552,0.000719
132,3,1,3,22.386758,67.831057,-196.529934,-29.497663,38.711980,20.424364,4.212676,0.674305,1.974237,1.106096,99.534989,-4.299008,0.000000,0.000000,1.000000
133,1,2,1,6.549075,-19.524429,4.684852,9.671831,22.752201,-3.507649,3.458675,0.465308,5.927866,-18.340108,-12.718035,11.300265,0.716000,0.283922,0.000077
134,1,2,2,-14.890252,-11.251589,12.824117,-20.909483,15.774186,3.432300,7.600090,8.858140,1.587499,-15.559916,-13.572852,-11.611257,0.257959,0.741737,0.000304
135,2,Noise,2,69.886395,-22.314278,1.458640,-2.389816,24.245134,-25.222660,-17.152642,-15.534772,11.876630,-7.499142,1.228155,74.148280,0.000326,0.999660,0.000015
136,2,Noise,2,48.122551,-25.678645,-2.998778,-1.612636,15.316842,-36.278749,1.316421,3.241086,5.477271,-34.005612,-3.169919,53.722165,0.012139,0.987757,0.000104
137,1,2,1,-4.388279,-19.739762,-6.400596,21.618285,-2.002687,-15.854744,38.153042,23.774027,13.477204,-6.483789,-10.175218,0.024172,0.859485,0.140453,0.000062
138,3,Noise,2,47.675206,43.558205,3.036074,10.722735,-2.981506,-32.232669,10.777317,3.087880,-3.564334,-32.629731,58.978240,34.204933,0.000000,0.520864,0.479136
139,3,Noise,3,7.851095,100.031380,34.840568,34.716952,40.634288,6.851925,-5.127555,-21.441758,105.428215,17.965512,91.356235,-16.894318,0.000000,0.000000,1.000000
14,1,2,1,-22.030784,4.053099,2.248327,1.553044,-5.939710,14.048644,-23.542777,-13.449552,-8.966577,-14.115124,-8.381367,-20.882676,0.946445,0.053518,0.000036
140,3,Noise,3,39.560561,116.539581,42.176390,42.153439,46.662648,8.436078,5.927821,-35.342745,120.500894,13.537874,116.582967,10.295780,0.000000,0.000000,1.000000
141,2,Noise,2,42.424646,-9.314322,8.991399,-41.521331,-5.107348,2.973267,7.940567,-5.974796,17.632417,0.034360,1.436389,45.209864,0.021072,0.978579,0.000349
142,2,Noise,2,80.165645,-0.946779,13.220454,-90.109732,1.608368,-11.863332,-0.046558,-10.728440,37.591049,65.547155,17.176089,78.973471,0.000001,0.999953,0.000046
143,1,2,1,-12.806168,1.260625,0.720577,-0.152292,-3.449057,-2.550018,-17.195963,-16.137640,-1.268083,9.878267,-6.032550,-11.230245,0.962052,0.037914,0.000034
144,2,Noise,2,17.362713,-30.699757,-1.915763,-6.625572,32.243764,-48.186919,13.003093,11.049057,12.417598,-16.632897,-12.196663,24.438821,0.173422,0.826389,0.000189
145,2,Noise,2,45.395198,-19.060870,-3.755322,2.977400,16.426364,-40.902166,0.200813,-5.002872,7.926271,-6.843669,1.800521,49.309865,0.057511,0.942313,0.000176
146,1,2,1,7.893424,-11.783510,0.333889,-7.435838,9.148859,-14.408549,-12.439022,-2.124188,7.180678,-4.540782,-8.301410,11.337403,0.919378,0.080580,0.000041
147,2,Noise,2,54.934987,-22.759515,7.384940,-11.399356,48.808979,-19.442668,23.995471,17.648182,22.685329,-57.131489,6.269903,57.788464,0.001208,0.998734,0.000058
148,1,2,1,-9.966742,-2.538718,5.075767,1.827669,15.034007,-6.299294,-20.886491,0.579898,-0.465255,-6.731895,-6.617735,-9.222871,0.927578,0.072375,0.000047
149,1,2,1,3.409565,-22.218481,1.395431,-6.756898,19.322426,-11.045245,-11.355412,0.943516,10.634047,-7.830070,-18.217502,9.408839,0.796411,0.203542,0.000047
15,1,2,1,-35.139551,-7.623084,-3.167842,16.498784,0.468807,-4.644895,3.854566,8.922846,-1.708654,-4.166289,-14.755461,-32.266837,0.974807,0.025190,0.000002
150,2,Noise,2,50.873893,-28.573095,4.616502,-22.605015,21.582056,-33.760508,2.726636,-3.209972,21.016221,-7.121715,-6.895178,57.729662,0.001753,0.998190,0.000056
151,2,Noise,2,165.628908,-23.703353,15.261247,1.980337,29.481569,32.549756,-37.763903,70.079613,-7.922977,23.483427,17.979118,155.774995,0.000000,1.000000,0.000000
152,2,Noise,2,147.210320,-8.896144,13.629394,-20.910398,8.594201,8.576389,-16.157506,23.125459,15.689881,54.350452,27.536122,139.979047,0.000000,1.000000,0.000000
153,1,2,1,-0.513264,8.519905,0.644496,1.895464,-11.976688,5.074666,-8.037419,-4.565292,-4.327847,-3.099236,4.560554,-2.081438,0.851065,0.148390,0.000545
154,1,2,1,-20.784862,-8.187133,-0.138892,5.238766,11.720906,-13.162744,-10.060658,4.960452,-1.105601,-5.342772,-12.000706,-18.245156,0.978107,0.021888,0.000005
155,1,2,1,-41.206511,-1.960798,0.006350,-0.085448,7.497889,-5.131376,-11.818749,6.833848,-2.756549,-4.530175,-13.670054,-39.555209,0.966638,0.033360,0.000002
156,3,Noise,3,-10.430013,90.085603,31.810793,38.517162,42.627372,8.064749,-6.991623,-18.503993,89.733971,9.984671,77.749454,-32.430903,0.000000,0.000000,1.000000
157,1,2,1,-44.449074,-3.956053,-2.789333,11.438034,-4.098434,4.336185,1.559437,10.317669,-0.294927,1.636679,-16.062822,-42.230301,0.964997,0.035002,0.000002
158,1,2,1,-33.281086,2.445944,2.177585,-7.276844,1.311065,2.669873,-21.054015,-4.143086,-7.451570,-0.890069,-11.040937,-32.275899,0.952113,0.047876,0.000011
159,1,2,1,-10.691016,4.020315,1.447559,6.692121,4.930858,6.620513,-19.422314,-9.424817,-7.942998,8.899430,-2.945946,-11.481543,0.941793,0.058129,0.000078
16,1,2,1,-40.135368,0.743039,5.923578,-25.077673,-6.583221,4.927394,12.614974,12.003890,4.380894,6.575168,-11.186703,-38.750793,0.882463,0.117526,0.000011
160,3,Noise,3,34.181663,50.227983,0.297277,-14.860976,-35.547773,-66.413207,16.692948,-2.537500,-10.799280,-22.327813,61.516134,21.934579,0.000000,0.093633,0.906367
161,1,Noise,3,-18.058843,52.305525,14.250778,18.423948,15.224579,4.135185,-14.948701,0.230269,-1.343660,0.841036,40.375157,-32.811784,0.000000,0.054258,0.945742
162,1,2,1,0.808562,-18.985693,0.796298,6.665255,22.813645,-5.896781,-11.136060,4.373864,1.278580,-9.424737,-15.516648,4.924955,0.893158,0.106814,0.000028
163,1,2,1,-22.096161,-9.820656,4.641553,10.455303,22.486863,3.862367,-11.699330,15.566210,1.634755,-5.102014,-14.988467,-20.646147,0.950504,0.049488,0.000008
164,1,2,1,-7.836666,-5.369219,0.879849,9.189404,5.594283,-4.275409,-10.995378,2.877248,-3.336671,-23.327802,-7.054120,-6.029035,0.968194,0.031788,0.000018
165,1,2,1,-16.529527,-6.445262,-0.636123,6.860340,1.427411,-9.155269,-19.954058,-12.717223,-10.286318,5.098036,-12.811588,-13.392685,0.977657,0.022335,0.000008
166,1,2,2,-20.032670,12.895620,11.777479,-13.421883,0.390255,15.361271,-9.953411,3.221390,5.220566,-18.043757,1.773144,-22.159153,0.079801,0.916502,0.003696
167,1,2,1,9.228514,-17.126699,-0.329106,-0.855009,8.892774,-23.124099,-15.118368,-16.843644,-6.680205,14.079597,-12.955054,14.391526,0.868203,0.131749,0.000049
168,1,2,1,-10.076023,-7.385489,0.386904,-17.885120,-11.045083,0.515034,17.873308,1.922812,6.355216,3.169760,-8.635831,-6.712872,0.972062,0.027926,0.000012
169,1,2,1,-9.705808,0.026299,-0.239391,7.675293,-0.619557,-1.240958,-16.175144,-19.430345,-6.715076,3.143163,-5.500067,-7.990460,0.965025,0.034941,0.000034
17,1,2,1,-12.816603,-10.957558,-5.633925,24.728566,-8.697449,5.454261,8.523196,2.391401,2.388648,15.774905,-13.041524,-9.730119,0.960159,0.039821,0.000020
170,1,Noise,1,-15.231158,-8.436656,6.479782,-45.274252,-12.394610,7.319145,14.254642,-0.618372,8.716807,33.276662,-14.764865,-11.350765,0.909667,0.090307,0.000026
171,1,2,1,-20.193876,-17.969330,-4.046081,18.982573,5.031841,-7.330504,-2.898326,-15.316927,-6.329160,27.311335,-21.562180,-14.283172,0.949234,0.050758,0.000008
172,1,2,1,-37.738814,-3.350616,-1.952282,16.113179,-3.676681,7.311213,2.035205,11.394381,0.863985,1.685405,-13.797633,-36.171654,0.973148,0.026850,0.000003
173,1,2,1,-26.131673,-8.853596,2.038797,-16.130173,-4.995209,-6.569979,16.277939,12.704290,5.623476,2.493517,-13.337394,-22.689626,0.972369,0.027628,0.000004
174,1,2,1,-4.193363,-20.554079,-2.180949,-4.050334,1.896852,-17.372384,0.283900,-0.612473,4.236076,-15.579874,-17.540506,2.651938,0.903850,0.096125,0.000024
175,2,Noise,2,69.236666,9.278033,-4.150847,-14.792756,-42.117182,13.019316,39.940063,-1.631451,37.876269,39.236200,27.262355,66.006805,0.000358,0.999185,0.000457
176,1,2,1,-16.409646,-5.036753,-5.506789,16.308532,0.164268,-9.623235,-3.966215,-2.091049,4.500305,4.827050,-8.060139,-14.135842,0.967099,0.032879,0.000022
177,1,2,1,-45.113652,-6.548523,-1.656863,12.312287,-1.682607,1.082259,-6.722756,-0.114332,-0.955396,6.156240,-19.850373,-41.431271,0.966841,0.033158,0.000001
178,1,2,1,11.115677,-14.346966,2.233555,-1.749145,-6.806654,7.979687,22.695601,11.046565,6.551252,8.862291,-8.482470,13.998001,0.852258,0.147682,0.000060
179,1,2,1,-11.393064,7.494337,3.209304,-8.203275,-4.700191,1.501870,-20.905419,-7.752638,2.310466,2.532600,-1.154584,-11.867094,0.879905,0.119862,0.000233
18,1,2,1,5.361486,-11.262808,-4.652887,11.134628,-11.172533,-7.102968,10.451199,-9.607334,-5.289745,8.091158,-7.301850,9.122147,0.921815,0.078123,0.000062
180,1,2,1,-0.973006,1.178785,-1.314956,6.712426,-3.573794,-13.278431,-17.433626,-25.043721,-10.394398,9.839328,-1.452244,0.512075,0.946009,0.053903,0.000088
181,2,Noise,2,25.342128,-23.420516,-7.381322,16.635662,-4.725005,-19.260820,32.063301,-1.857918,8.712633,25.942714,-7.479936,30.776412,0.185121,0.814440,0.000440
182,1,2,1,-33.760675,5.736924,3.172168,-5.546179,-1.068519,6.718776,-17.776871,-7.831212,-3.649968,0.112798,-8.547507,-33.168081,0.914848,0.085124,0.000027
183,1,2,1,-5.639219,-6.904258,-2.623597,15.173410,0.564287,-17.664522,-15.960275,-24.577498,-9.922640,8.291358,-8.697822,-1.904622,0.968327,0.031651,0.000022
184,1,2,2,-49.543740,18.008060,9.351563,-20.318577,-2.719725,17.913189,-14.645037,8.152676,0.905830,-0.805038,-3.316165,-52.602403,0.041906,0.957678,0.000416
185,2,Noise,1,24.135273,-11.730933,-5.015618,20.624118,-28.412134,23.339116,37.196428,20.282912,16.080046,-6.185496,-2.049694,26.026168,0.664843,0.334887,0.000270
186,1,2,1,2.611877,-8.482379,-0.398888,12.348591,5.137925,-8.812782,-16.326005,-16.321521,-12.095160,0.702372,-8.195605,5.494902,0.951510,0.048459,0.000031
187,1,Noise,2,-9.196880,8.653484,13.351965,-43.407206,8.932556,10.653561,-2.375525,16.996166,9.167513,5.137539,2.384168,-12.193449,0.055188,0.940120,0.004692
188,3,Noise,3,-12.508856,96.505527,40.318511,-2.147144,45.263789,22.486447,32.228738,-0.154417,-49.383733,15.828814,87.526794,-43.380042,0.000000,0.000000,1.000000
189,1,2,1,-6.561767,-9.396378,7.974807,-36.686991,6.197260,-9.527968,1.096385,-1.196193,7.132008,8.347705,-10.862869,-2.914193,0.804439,0.195474,0.000086
19,1,2,1,-41.706892,-6.338962,0.178544,7.102232,-2.268439,3.188318,-3.759062,1.794914,0.692447,1.581847,-18.706766,-38.123581,0.969681,0.030318,0.000001
190,2,Noise,2,34.130003,-23.627835,9.223247,-55.521285,9.951544,-25.155075,26.227692,-5.729267,11.110971,-6.174376,-6.819829,41.122518,0.012074,0.987724,0.000202
191,1,2,1,-17.775036,-3.195333,-1.800872,7.553703,-0.507822,-1.077463,-12.884197,-15.580485,-0.936121,11.897267,-10.223487,-15.128145,0.976750,0.023238,0.000011
192,1,Noise,1,-3.931792,1.136896,9.814357,-53.986698,-6.071348,-15.462569,5.996594,-4.347074,-3.413399,23.285192,-1.419134,-2.936731,0.525497,0.473744,0.000759
193,1,2,1,-9.655273,-1.533681,1.892889,5.785264,6.120010,6.168719,-18.211882,-13.841770,1.541190,-17.634280,-6.923816,-7.506347,0.961029,0.038942,0.000029
194,1,2,1,-27.237140,-8.049310,-1.463644,4.518523,-1.222907,2.162491,5.086425,6.407346,1.419913,-6.619856,-14.067655,-24.057191,0.979064,0.020932,0.000003
195,2,Noise,1,25.039956,-2.508730,-0.385763,0.607437,-6.288040,2.536565,-12.844475,-14.566820,1.571098,-33.593106,2.455968,27.001718,0.713440,0.286223,0.000337
196,1,2,1,-15.709207,4.658568,5.640800,-28.471005,-13.406550,18.543969,-5.621887,-3.480405,4.332312,-17.266365,-5.353746,-14.501164,0.866518,0.133335,0.000147
197,1,2,1,-13.071507,4.627545,1.841382,-5.863624,-7.601982,3.065004,-21.723075,-15.255228,-5.298046,7.296416,-4.880915,-12.393197,0.938123,0.061798,0.000079
198,1,2,1,-29.558002,9.736290,4.500931,-18.237836,-10.512696,14.013537,-9.650297,-9.664919,3.889873,2.139104,-4.767844,-29.337686,0.808689,0.191161,0.000150
199,2,Noise,2,28.665515,-20.516586,-4.413041,23.905159,-27.090365,13.510338,42.228572,-10.147836,5.308792,36.111506,-8.756584,33.954740,0.324804,0.674942,0.000254
2,3,Noise,3,12.416941,161.920884,-10.664050,43.488656,-141.829308,-103.002227,-95.153821,109.108480,20.457998,8.181322,136.500261,-34.134502,0.000000,0.000000,1.000000
20,1,2,1,-6.167766,-10.345450,1.301907,-3.094041,6.917658,-0.164843,-3.606551,4.768425,9.028833,-10.015531,-10.990292,-3.011223,0.961970,0.038016,0.000014
200,1,Noise,1,6.398497,-3.362028,1.051729,-16.598054,-4.271736,-8.913390,-0.706239,-19.292406,3.152698,19.106957,-2.455674,8.940612,0.928390,0.071536,0.000074
201,1,2,1,-43.890619,-8.038876,-5.187656,15.540588,-21.517244,23.694192,22.059009,15.485191,8.395245,13.749219,-20.196758,-40.516055,0.956287,0.043711,0.000002
202,1,2,1,-49.627237,4.853900,6.626389,-29.481316,-14.358350,17.946155,14.421877,16.756165,11.298207,14.226544,-12.308260,-49.031939,0.702727,0.297256,0.000017
203,1,2,1,-47.058153,5.061178,5.574909,-29.198580,-6.160860,1.392119,-10.401152,-0.364210,-6.877214,14.144145,-12.806493,-46.064874,0.792334,0.207650,0.000016
204,2,Noise,2,22.052863,16.317184,10.515679,-26.390021,-37.399726,44.069797,-10.840375,-24.343916,-2.712657,-33.403715,9.410875,20.943288,0.006337,0.976464,0.017199
205,2,Noise,2,31.026342,2.425476,0.320733,10.021080,-15.451413,22.761153,-21.496250,-22.209582,-6.092943,-25.362123,4.044073,31.443531,0.439459,0.559600,0.000941
206,2,Noise,1,20.083668,-3.418481,-0.850159,-9.401708,-10.485272,-24.087403,-15.901635,-21.018674,-25.289265,25.628368,0.199265,21.263459,0.818480,0.181304,0.000216
207,1,Noise,1,-10.322476,4.045171,4.601189,-32.388259,-11.954499,-6.876727,-4.355233,-11.923957,-9.666211,38.807001,-3.080491,-10.096871,0.893031,0.106827,0.000142
208,1,Noise,2,-9.095192,-13.897532,31.127841,-45.272191,44.296422,38.443517,6.100061,12.818094,22.563953,1.565958,-18.512964,-6.624186,0.000000,0.938515,0.061485
209,2,Noise,2,43.761769,-26.853819,6.510330,-18.283397,15.358605,-4.692349,-6.260708,-0.826152,6.135792,-3.433366,-12.429062,49.351006,0.004714,0.995189,0.000097
21,1,2,1,-42.026288,-9.025236,-2.099073,9.723743,10.780958,-8.481764,-16.701304,-0.442156,-4.962723,1.118648,-20.298691,-38.237748,0.969708,0.030291,0.000001
210,1,2,1,-4.651023,-10.386459,4.791113,2.277347,15.064728,8.877789,-14.461466,2.746925,4.974035,-7.729980,-12.758885,-2.171302,0.920050,0.079920,0.000031
211,1,2,1,-44.571452,1.138081,9.557098,-26.365162,10.312873,4.086629,-2.075558,17.375730,3.937532,-2.186283,-12.578465,-44.080531,0.563879,0.436087,0.000034
212,2,Noise,2,178.652300,-31.967207,12.327843,15.832820,35.597593,64.099223,-54.050099,131.461290,-29.908455,27.514994,11.175570,163.151150,0.000000,1.000000,0.000000
214,2,Noise,2,131.468657,-16.721010,5.886770,-9.238430,8.987817,37.107134,-14.202853,50.813651,-19.350972,-0.347286,17.164054,123.942384,0.000000,1.000000,0.000000
215,1,2,1,-0.706808,4.997890,3.584527,1.644789,15.606064,-5.542773,-14.689453,12.471602,2.001107,-4.535444,4.311355,-3.578702,0.862250,0.137454,0.000295
216,1,2,1,-50.687323,8.267555,6.595546,-33.983227,-3.577329,9.162725,-13.859645,3.434112,-2.008252,8.162416,-11.922599,-50.580025,0.568680,0.431287,0.000033
217,2,Noise,2,76.360185,-21.066292,-8.485882,10.667849,0.046956,-51.895316,8.985281,-32.520827,-17.359637,19.070322,9.027296,80.828230,0.000036,0.999942,0.000023
218,2,Noise,2,76.875595,-19.792774,4.882289,-5.556465,12.516899,-8.505332,-24.944151,-6.958277,-7.270634,-11.200715,1.232935,79.095072,0.000050,0.999943,0.000007
219,2,Noise,2,120.581864,-9.431552,-1.920346,5.095077,-26.696091,-8.116235,-18.287650,-61.498451,-40.356831,76.101736,17.534894,120.540199,0.000000,1.000000,0.000000
22,1,2,1,-40.814546,-1.348074,1.478566,-1.221723,6.495682,0.273878,-10.738107,8.554888,0.473429,-4.575416,-13.691708,-39.365369,0.960803,0.039194,0.000003
220,1,2,1,14.522910,2.219498,2.701354,11.496252,7.101402,-4.833157,-17.087031,-12.690954,-12.582184,8.026856,4.170089,13.210140,0.778180,0.221390,0.000430
221,1,Noise,2,-15.137293,-21.359802,17.231890,-13.061983,41.591177,22.578442,-2.103723,12.389174,8.151631,-9.152746,-24.117219,-10.853743,0.003835,0.995733,0.000432
23,1,2,1,-29.217411,-13.604530,-4.840972,21.278138,-1.909653,5.869727,11.030209,10.963896,1.631197,-3.518290,-18.446363,-25.162840,0.963736,0.036259,0.000004
24,1,2,1,-39.616833,-6.974654,3.578580,-17.690422,1.746958,-1.062063,-1.720467,9.308300,-1.686469,-9.785814,-17.958011,-36.135088,0.953777,0.046221,0.000002
25,1,2,1,-23.277772,-7.285903,1.769494,-4.918490,5.816355,-3.616430,-0.613761,8.234009,-3.332858,-11.844008,-12.191242,-20.777649,0.974150,0.025845,0.000005
26,1,2,1,-38.219642,-3.884962,-2.062010,10.358590,1.383725,-2.785823,-17.000222,-6.259033,-9.333794,7.854198,-16.426059,-35.547351,0.973178,0.026820,0.000002
27,1,2,1,-6.112555,-7.073652,-0.907514,3.490291,0.886937,-4.869668,-20.498197,-18.807905,-9.772349,4.453902,-11.162231,-2.748719,0.969812,0.030171,0.000017
28,1,2,1,-28.782680,-3.150918,-3.239225,12.753617,1.793858,-7.214227,-18.595428,-9.932869,-11.948553,6.346715,-12.650622,-26.520126,0.975670,0.024324,0.000006
29,1,2,1,-24.284991,-1.721190,-3.771340,14.696571,-9.118842,3.515457,-16.311032,-19.931425,-11.985728,11.211582,-12.238035,-21.584940,0.973114,0.026873,0.000012
3,3,1,3,9.518517,59.199957,-164.953182,-22.291695,31.495078,15.077816,3.390982,0.602898,1.040901,-0.178240,83.163557,-13.021286,0.000000,0.000000,1.000000
30,1,2,1,-30.137596,-7.438276,1.016710,5.231125,0.302227,-1.229939,-9.657009,-7.320550,-4.833252,8.976595,-17.169247,-26.441714,0.975640,0.024357,0.000003
31,1,2,1,-16.614625,-5.957112,-3.480552,9.501543,-9.852632,-3.807561,24.546472,19.952497,5.076719,-3.581583,-5.883051,-15.186444,0.975621,0.024368,0.000012
32,1,2,1,-8.253621,-11.373618,3.947576,-5.258177,7.893655,-4.876354,-2.624229,6.005584,-0.613027,-9.583929,-12.123421,-5.099870,0.941006,0.058976,0.000018
33,1,2,1,-23.246434,-11.791151,-3.046230,12.117876,5.914412,-14.005224,-9.276463,-4.178840,-8.237401,3.333419,-16.308901,-19.152924,0.974557,0.025439,0.000004
34,1,2,1,-14.144127,-14.708784,-1.680948,6.382127,4.763918,-6.202389,-2.715882,3.757943,-0.758988,-18.832587,-15.864397,-9.437097,0.966416,0.033576,0.000007
35,1,2,1,-27.667720,-16.110815,-3.201172,14.414977,-2.063088,-6.078063,16.611523,14.484344,4.457681,-5.035676,-18.543569,-22.780379,0.962765,0.037231,0.000003
36,1,2,1,-21.241185,-17.601904,-5.144386,15.725716,-0.341303,-9.604532,23.285676,17.465032,0.648532,-3.909936,-16.138079,-16.770301,0.943867,0.056123,0.000010
37,1,2,1,-30.313892,-2.779496,2.263399,8.179878,7.388450,1.587987,-15.204284,-4.713699,-7.050449,-6.313366,-12.895915,-28.262802,0.968518,0.031477,0.000005
38,1,2,1,-1.077004,-21.038105,-7.041598,19.333565,-8.409073,-6.474927,31.018345,11.772509,7.060619,3.316899,-13.647629,4.230329,0.781842,0.218048,0.000110
39,1,2,1,5.358551,-22.135591,-1.635883,1.709016,-12.066963,-5.837370,46.736553,18.174952,10.183754,2.521978,-11.811584,10.787197,0.806658,0.193287,0.000056
4,1,2,1,-28.348177,3.731547,0.783963,5.994075,3.806885,5.129559,-17.800890,1.264372,-5.771211,-6.190659,-7.205847,-28.571795,0.956879,0.043102,0.000018
40,1,2,1,-3.299568,-13.508478,-4.306260,23.784387,-5.675266,3.369944,23.478755,8.612769,6.511946,10.728697,-9.766577,-0.262282,0.946614,0.053359,0.000027
41,2,Noise,2,51.907800,-29.114088,-7.257332,18.798862,4.621450,-37.606971,37.443537,4.404806,7.144677,-4.293714,-0.482200,57.687762,0.001322,0.998550,0.000128
42,2,2,1,27.003808,-2.342469,-1.515072,15.030172,1.881991,-7.246807,-21.545225,-25.971085,-10.123676,5.432831,2.870326,27.858439,0.667807,0.331780,0.000413
43,1,2,1,1.310655,-9.978233,-3.298709,14.448835,5.098437,-15.815304,-4.361806,-16.148829,-7.456664,2.642145,-7.006279,4.830256,0.950233,0.049733,0.000035
44,2,Noise,2,50.243596,-20.712038,1.042311,7.267907,9.089604,-10.190591,-15.891570,-19.154914,-10.762955,-3.591870,-5.608210,54.637647,0.020439,0.979475,0.000085
45,2,2,2,34.988924,-4.517987,-5.357266,23.579788,-5.313404,-14.694491,-11.670236,-21.715900,-13.219216,-5.707860,5.746663,36.174232,0.353343,0.645893,0.000764
46,2,Noise,2,45.308663,-8.550360,-4.545232,28.282000,-12.050280,7.599831,19.846120,-0.368639,-6.457198,5.580114,7.016194,45.189248,0.119166,0.880441,0.000392
47,1,2,1,4.721870,-8.416588,-0.174820,13.594355,-8.175304,6.857876,9.929961,10.658621,2.887275,-0.493549,-5.954627,6.206958,0.944257,0.055706,0.000037
48,2,2,2,29.678377,-13.690499,-7.029242,8.785013,-14.191844,-21.278090,-5.669644,-26.478190,1.336885,-0.931769,-4.017640,35.308782,0.367233,0.632246,0.000521
49,2,Noise,2,73.867031,-28.173501,-10.700456,3.389996,-3.985794,-26.028505,2.088236,-21.483077,15.656475,0.755222,-1.662993,81.142385,0.000006,0.999959,0.000035
5,1,2,1,-29.603024,-5.718892,3.200785,3.084733,12.649447,7.801344,-14.851385,8.804954,2.088560,-11.013398,-15.244243,-27.706624,0.965771,0.034225,0.000004
50,1,2,1,7.297769,-11.380984,-5.874055,28.859436,-18.900921,9.876927,16.367941,-7.211451,5.515327,16.488371,-8.244597,10.857036,0.891251,0.108644,0.000105
51,1,2,1,-8.100630,-22.815668,-9.016234,27.033682,0.907938,-11.965802,17.790196,5.813907,1.981856,10.914569,-17.635823,-2.369643,0.661573,0.338257,0.000171
52,1,2,1,-10.943300,-18.547469,-7.370240,22.685429,4.485302,-7.943773,15.050677,5.379943,5.136498,13.380698,-15.352504,-6.338988,0.880063,0.119887,0.000050
53,1,2,1,-21.706471,-19.676025,-4.765004,16.628554,2.295376,-6.184061,16.733880,15.303924,3.701354,-10.319382,-19.186302,-16.347532,0.930585,0.069405,0.000010
54,1,2,1,-4.207403,-16.767214,-3.837387,24.350895,5.203282,-5.993736,17.590412,18.926912,-0.556928,-7.401133,-11.063757,-1.293088,0.934136,0.065839,0.000025
55,1,2,1,-35.903392,-13.513151,-4.148443,23.106987,-4.085757,6.501280,11.670003,8.604210,-2.523806,8.637989,-20.883252,-31.748211,0.963125,0.036873,0.000002
56,1,2,1,-32.404276,-8.373437,-3.586155,22.645457,-4.887306,4.073611,8.264773,8.579958,0.082459,8.696819,-15.652102,-29.652038,0.975011,0.024986,0.000003
57,1,2,1,-3.716761,-20.103646,-10.655442,28.294192,-13.740570,6.560135,25.412724,-6.217350,2.781126,29.219676,-16.707293,1.987398,0.577425,0.422168,0.000407
58,2,Noise,2,59.573123,-24.602438,-7.476865,30.556850,-5.488595,-5.733711,35.030356,21.223393,16.099471,-5.845704,1.773921,62.483495,0.000882,0.999031,0.000087
59,1,2,1,-16.844331,-18.201859,-7.165323,31.854389,-10.521967,10.906139,16.664777,-1.104741,-0.231519,25.848977,-20.310516,-11.728235,0.903845,0.096126,0.000029
6,1,2,1,-29.338344,10.803791,1.978287,8.125709,6.285379,-10.084331,-4.515013,7.153067,-0.862680,-12.226590,3.037812,-31.517804,0.854854,0.145009,0.000137
60,1,2,1,-17.129031,-18.696445,-2.262011,7.236805,9.292082,-21.638340,-3.644070,-3.882618,-3.996515,-0.040998,-19.064131,-11.101416,0.949472,0.050521,0.000008
61,1,2,1,-13.049930,-19.344261,-5.625924,14.041147,-5.262216,-12.983879,17.704074,10.744772,4.506179,-11.410419,-16.460677,-7.223147,0.913099,0.086877,0.000024
62,1,2,1,-42.722057,-10.336855,-2.039057,-6.674604,-13.394849,11.117356,21.619646,11.825458,-1.397544,19.431831,-20.925295,-38.828130,0.967478,0.032521,0.000001
63,1,2,1,-32.238458,-17.304676,-2.820867,11.506972,4.664540,-6.576591,15.242240,21.217842,3.070101,1.022521,-20.461819,-27.874715,0.956155,0.043842,0.000002
64,1,2,1,-47.561273,-10.459690,-2.312257,5.957335,3.525342,-3.860283,5.299172,15.916850,2.676521,-6.747222,-20.519987,-43.663713,0.958787,0.041212,0.000001
65,1,2,1,-32.317160,-8.015287,-3.868502,11.549832,-9.211412,8.574010,16.982531,4.738015,-0.562486,17.694403,-15.359065,-29.330800,0.974454,0.025543,0.000003
66,1,2,1,-28.599126,-16.401846,-6.840022,24.245753,-10.101560,5.967803,18.394875,-0.054304,1.157162,22.462918,-21.250793,-23.205700,0.930778,0.069213,0.000010
67,2,Noise,2,42.169544,-19.350551,-7.362159,30.044157,-24.700372,5.603818,27.874606,-4.973682,15.052570,10.207016,-3.768640,47.000264,0.046100,0.953553,0.000347
68,1,2,1,-43.170553,-1.401840,-4.820286,19.171067,-9.304325,6.247479,0.728542,6.837874,-1.746527,6.313332,-14.010943,-41.528915,0.953727,0.046269,0.000004
69,1,2,1,-50.816630,-8.534001,-1.525275,4.413836,2.516240,-4.641056,1.781754,9.419491,2.904183,0.717640,-20.752238,-46.830895,0.954558,0.045442,0.000001
7,3,Noise,3,9.269294,96.685494,35.299173,32.272469,53.014012,17.137464,29.909069,-0.789006,-56.803160,3.755261,96.642919,-23.484529,0.000000,0.000000,1.000000
70,1,2,1,-54.760136,-9.821234,-4.339813,18.574022,-2.417691,8.292109,1.385985,10.238425,-0.492406,10.129135,-24.498028,-50.900578,0.927445,0.072554,0.000001
71,1,2,1,-12.026907,-10.530079,-4.612517,18.616506,1.258687,3.364106,0.899549,1.663723,-11.238533,-9.255235,-11.761389,-9.318467,0.966358,0.033626,0.000016
72,1,2,1,-19.814803,-14.892342,-4.866518,19.105122,-12.551472,16.030815,14.031342,11.938492,1.644250,-2.822802,-18.741242,-15.555322,0.959365,0.040626,0.000009
73,1,2,1,-11.292911,-7.363183,-1.235404,-0.364272,-6.739535,0.826362,-7.049100,-9.110771,-15.439072,11.531132,-12.161499,-8.522360,0.974942,0.025047,0.000011
74,1,2,1,-19.458395,-7.198136,-6.591171,20.851082,-18.102969,9.044945,10.640589,2.458966,-14.884487,10.137671,-12.168798,-17.243590,0.961082,0.038897,0.000021
75,1,2,1,-22.661897,-20.633099,-4.329973,19.409811,1.161357,-7.554903,10.789966,12.168552,-4.942323,2.139921,-21.622459,-17.336996,0.925008,0.074983,0.000009
76,1,2,1,-9.886076,-21.203346,-6.645994,23.385607,0.571821,-3.063987,18.872898,9.934792,-7.829551,4.284583,-17.453258,-5.152033,0.849971,0.149979,0.000050
77,1,2,1,-13.351016,-17.347507,-3.846585,24.052084,1.939365,-8.214184,14.584140,1.433260,-6.066255,4.509468,-15.489149,-8.667488,0.948387,0.051601,0.000012
78,1,2,1,-53.278084,5.323012,2.561440,-37.728519,-17.003700,17.050937,4.677522,3.225828,-2.872185,21.483126,-14.609462,-52.087731,0.845286,0.154709,0.000005
79,1,2,1,-36.482441,-16.280996,-1.316971,9.341635,10.446012,-4.498785,-4.557838,7.523371,-7.567544,1.839805,-23.884299,-31.755711,0.959104,0.040894,0.000001
8,1,2,1,-14.547307,-3.313211,2.647295,7.861442,5.699508,7.268854,-13.734384,-3.252917,-5.633935,4.541620,-9.792640,-13.446145,0.964631,0.035353,0.000017
80,2,2,1,18.519093,-13.527740,-1.485545,13.660685,-0.072344,7.616057,11.563752,5.841775,10.770389,-8.823687,-5.422233,21.278957,0.811038,0.188864,0.000098
81,1,2,1,-2.692963,0.825124,-0.747813,10.849826,-7.903617,27.300530,-24.366937,-13.823998,-2.462376,-26.768555,-6.653973,-1.251044,0.951474,0.048456,0.000069
82,1,2,1,4.231345,-13.441509,-0.579169,2.192108,14.768910,-15.013213,3.272955,10.134917,-5.818642,-21.531912,-6.535006,6.742277,0.932740,0.067230,0.000030
83,1,2,1,-3.639878,-12.568742,-0.694708,11.308454,13.087122,-12.871750,-8.931613,-7.981529,-11.103360,1.921273,-11.105563,-0.342416,0.958843,0.041141,0.000016
84,1,2,1,-15.144651,-4.938089,0.627305,7.412076,7.159946,2.069002,-12.162522,2.863487,-10.254200,-9.456128,-9.686229,-13.930036,0.974720,0.025269,0.000010
85,1,2,1,-32.353068,-2.499700,2.155741,-6.625361,-19.717466,17.054493,14.758999,13.855027,7.444795,12.273903,-13.572269,-30.469270,0.967668,0.032327,0.000005
86,1,2,1,-9.064226,11.019111,5.593775,-24.679374,-31.771423,36.841168,-5.776675,-13.676323,5.354831,-13.509075,-1.775189,-8.586876,0.647951,0.350788,0.001261
87,1,2,1,-49.763856,-7.739869,-0.310591,-0.755595,-12.565434,13.381066,11.963345,5.574521,0.942549,25.436217,-22.634883,-45.905980,0.956662,0.043337,0.000001
88,2,2,1,20.789436,-12.112647,-3.243131,13.950994,-1.846284,-11.157580,-17.582038,-35.123074,-14.778065,23.950857,-7.762999,25.040084,0.777097,0.222754,0.000149
89,3,Noise,3,22.510726,117.363762,49.796433,8.535723,49.021818,29.886471,46.784226,-4.575373,-74.146133,14.483132,117.629221,-16.777870,0.000000,0.000000,1.000000
9,1,2,1,1.181796,-2.050310,4.051886,6.886607,2.565683,11.288788,-17.675254,-11.584561,-2.917081,2.733500,-5.927892,2.183569,0.908167,0.091741,0.000092
90,1,2,1,-8.146959,-2.342440,5.292359,-0.387084,5.491901,19.251967,-29.378970,-7.300985,-3.532436,-5.704569,-11.112857,-6.955102,0.917539,0.082401,0.000059
91,1,2,1,-32.299810,-9.942455,-0.960152,1.199500,6.613340,-8.059005,-12.424202,6.336536,-1.914027,-0.054713,-18.396423,-28.798775,0.976510,0.023488,0.000002
92,1,2,1,-38.486318,1.491054,2.527971,-5.005677,-1.569532,1.726978,-9.634732,9.646616,-2.144489,0.589878,-11.613391,-37.823623,0.947320,0.052674,0.000006
93,1,2,2,-30.334162,1.805424,11.144129,-43.064689,-4.020190,13.411927,-2.822932,7.397343,-0.403379,-0.929773,-11.355135,-29.249874,0.438586,0.561188,0.000225
94,1,Noise,1,-45.155295,-0.643745,0.549841,-19.242581,-32.534258,30.107061,36.258705,26.486852,12.359065,23.491511,-14.914120,-43.816706,0.955664,0.044334,0.000002
95,1,Noise,1,-26.764112,1.073767,0.305787,2.210142,-21.093846,34.481535,-10.540469,-2.717651,-2.176890,-17.253021,-13.588663,-24.754367,0.968881,0.031108,0.000011
96,2,Noise,1,23.392254,1.329436,-2.484840,11.713298,-44.905075,38.168259,7.392212,-10.442253,3.473805,-29.807832,1.317825,25.118670,0.693527,0.305808,0.000665
97,1,2,2,-22.819617,12.361406,10.196529,-31.602897,-20.498427,29.069135,-7.109553,-5.202643,-4.575644,-13.560891,-3.117360,-23.442117,0.198812,0.799111,0.002077
98,1,2,2,-24.891789,10.459140,13.622486,-47.343363,-11.063328,24.090696,-3.987099,5.455556,7.009625,3.408429,-4.530412,-25.866931,0.043056,0.954477,0.002468
99,1,2,1,-11.887035,8.889980,7.788218,-15.992718,-29.894603,35.342254,-7.689875,-15.156429,-1.040369,-12.194317,-4.647213,-10.975095,0.573434,0.425470,0.001095
